Strategy,Total Return,CAGR,Volatility,Sharpe,Max Drawdown,Positive Months,Final Portfolio Value
PPO,4.028808356739331,0.19657676372565103,0.11871240090522217,1.582538328847005,-0.1978756481917246,0.7222222222222222,5.028808356739331
Equal Weight,2.835198960011268,0.1610884959647796,0.113476595241679,1.3819225128906931,-0.1997046658169262,0.7129629629629629,3.835198960011268
