Total Return,CAGR,Volatility,Sharpe,Max Drawdown
4.028808356739331,0.19657676372565103,0.11871240090522217,1.582538328847005,-0.1978756481917246
